{
  "geometry": {
    "spatialReference": {
      "latestWkid": 3857,
      "wkid": 102100
    },
    "paths": [
      [
        [-11785558.2070854, 4935947.41077598],
        [-11785532.2171526, 4935930.13324984],
        [-11785516.3808466, 4935922.37942793],
        [-11785452.8804272, 4935875.54403345],
        [-11785418.5300695, 4935854.78890252],
        [-11785397.1562293, 4935818.08392161],
        [-11785392.5434912, 4935749.57065381],
        [-11785434.2028707, 4935712.24202403],
        [-11785478.2550797, 4935651.15827802],
        [-11785484.6137683, 4935630.00041614],
        [-11785484.5229398, 4935620.77251008],
        [-11785460.6138498, 4935593.32241497],
        [-11785446.1301634, 4935589.51058894],
        [-11785423.6509582, 4935573.91230359],
        [-11785418.2429276, 4935558.14489479],
        [-11785417.9710229, 4935530.4608668],
        [-11785432.2474179, 4935513.18026526],
        [-11785441.3747549, 4935506.49787983],
        [-11785454.4803991, 4935503.73130734],
        [-11785464.8044135, 4935485.17157194],
        [-11785483.0589775, 4935471.80664362],
        [-11785494.86424, 4935470.37130611],
        [-11785515.7191131, 4935454.34404694],
        [-11785520.8550532, 4935442.42759167],
        [-11785520.7384026, 4935430.56319631],
        [-11785514.0430759, 4935417.44547554],
        [-11785496.8946032, 4935409.70515175],
        [-11785478.523439, 4935411.20538475],
        [-11785458.7874477, 4935407.44566614],
        [-11785450.7920332, 4935395.65945895],
        [-11785465.0553546, 4935377.06065567],
        [-11785474.1953677, 4935371.69659208],
        [-11785534.495958, 4935360.55224168],
        [-11785579.1425525, 4935360.10968713],
        [-11785588.2566754, 4935352.10875239],
        [-11785589.4401112, 4935338.91345678],
        [-11785585.3711498, 4935325.76986333],
        [-11785570.680334, 4935300.86646116],
        [-11785563.9201993, 4935281.15771615],
        [-11785547.9292155, 4935257.5855185],
        [-11785497.5901722, 4935213.25980613],
        [-11785484.2775038, 4935194.93444944],
        [-11785455.0783029, 4935163.58309629],
        [-11785396.9261216, 4935125.92640691],
        [-11785366.6728298, 4935120.95245778],
        [-11785352.1639961, 4935114.50395194],
        [-11785311.3931405, 4935108.31564295],
        [-11785294.2581588, 4935101.89315534],
        [-11785238.3713163, 4935027.29975932],
        [-11785222.2653752, 4934991.86373394],
        [-11785126.8583122, 4934904.47742469],
        [-11785043.0384021, 4934793.24724724],
        [-11785029.6736434, 4934635.18311906],
        [-11785017.6758009, 4934616.84535803],
        [-11785017.4050832, 4934589.16405645],
        [-11785018.6149873, 4934578.6060092],
        [-11785027.6128279, 4934558.74312375],
        [-11785072.7820681, 4934477.8829926],
        [-11785093.5066836, 4934448.67687688],
        [-11785103.8042351, 4934427.48296902],
        [-11785108.8240315, 4934403.70477961],
        [-11785108.5530719, 4934376.02407742],
        [-11785111.1016642, 4934368.08941303],
        [-11785118.9151702, 4934361.42106278],
        [-11785114.7051867, 4934333.77947296],
        [-11785114.5374408, 4934316.64378003],
        [-11785117.086145, 4934308.70916045],
        [-11785113.7374417, 4934234.92074085],
        [-11785114.702044, 4934199.318932],
        [-11785110.5566584, 4934178.26815908],
        [-11785105.1370196, 4934161.1846751],
        [-11785066.2095241, 4934074.56595335],
        [-11785039.6150048, 4934040.55464157],
        [-11785029.9730853, 4933994.51245198],
        [-11785015.3630228, 4933977.51994754],
        [-11785008.4632974, 4933943.31463537],
        [-11785003.0180633, 4933923.59536097],
        [-11784992.2955718, 4933901.29186827],
        [-11784992.218126, 4933893.38348706],
        [-11784969.5245198, 4933855.37961061],
        [-11784924.2794739, 4933793.8705389],
        [-11784878.0824371, 4933769.28006603],
        [-11784871.4278552, 4933760.1182064],
        [-11784863.3314206, 4933737.7889645],
        [-11784845.9805301, 4933708.9601116],
        [-11784844.5902874, 4933701.06466449],
        [-11784811.1886322, 4933642.07595099],
        [-11784805.9371297, 4933642.12772385],
        [-11784782.1503554, 4933626.54359431],
        [-11784746.6376094, 4933620.30187789],
        [-11784732.0414409, 4933604.62746984],
        [-11784733.2001436, 4933588.7984048],
        [-11784724.9629572, 4933551.97107662],
        [-11784698.4097009, 4933521.91450117],
        [-11784693.0167078, 4933507.46806094],
        [-11784692.9396405, 4933499.55998603],
        [-11784650.2466974, 4933430.11812582],
        [-11784648.4973128, 4933385.31901687],
        [-11784617.826322, 4933336.84962891],
        [-11784604.4023616, 4933306.66459057],
        [-11784596.3200093, 4933285.65424596],
        [-11784601.4303093, 4933271.10490825]
      ]
    ]
  },
  "symbol": null,
  "attributes": {
    "FID": 39238,
    "ogc_fid": 39228,
    "feature_id": "66974",
    "place_id": 6118,
    "name": "Thunder Pass Trail",
    "place_id_1": 0,
    "name_1": " ",
    "place_id_2": 0,
    "name_2": " ",
    "place_id_3": 0,
    "name_3": " ",
    "trail_num": " ",
    "surface": "dirt",
    "oneway": " ",
    "type": "Trail",
    "hiking": "yes",
    "horse": "yes",
    "bike": "no",
    "motorcycle": "no",
    "atv": "no",
    "ohv_gt_50": "no",
    "highway_ve": "no",
    "dogs": "no",
    "access": " ",
    "min_elevat": 3111.22949219,
    "max_elevat": 3454.27685547,
    "length_mi_": 1.7,
    "manager": "Rocky Mountain National Park",
    "INPUT_DATE": 1569369600000,
    "EDIT_DATE": 1569369600000,
    "Shape__Length": 3512.59042304771
  },
  "popupTemplate": null
}
